Mixture,GMP-like,LSPC-Cycle,LSPC-Primed,LSPC-Quiescent,Mono-like,ProMono-like,cDC-like,P-value,Correlation,RMSE,Absolute score (sig.score)
treat1,2.0557620255466,0.780853036281908,3.12952761606904,6.11727765522768,0.378785064663588,0,7.53415148042746,0,0.537398678866649,0.896885946853967,19.9963568782163
treat2,3.01487147566065,1.30987565983726,2.64167851192295,5.42805129909741,0.733007180135313,0,7.03224766067847,0,0.603114155258952,0.870656159791677,20.159731787332
treat3,2.86831172787767,0.86039186451612,2.87251582631573,6.18100657981693,0.416103569251878,0,7.76481961723207,0,0.587213293456148,0.881643659864417,20.9631491850104
control1,7.42526337136739,7.46142340719203,0,2.68238727339581,0.643842885994686,0,5.75850894563752,0,0.668136585694644,0.846913837199086,23.9714258835874
control2,7.67727175700823,6.75333923214135,0,2.42957327646817,1.12352150087537,0,6.45272390730709,0,0.564146257282539,0.871352543857561,24.4364296738002
control3,6.98723696690597,6.70452395988809,0,2.8688519524055,0.938625063188033,0,5.71870339606273,0,0.628454232250498,0.854405001393346,23.2179413384503
