Mixture,GMP-like,LSPC-Cycle,LSPC-Primed,LSPC-Quiescent,Mono-like,ProMono-like,cDC-like,P-value,Correlation,RMSE,Absolute score (sig.score)
Control_1,1.987915614,1.626632744,0,2.536905168,0,0,4.186999559,0,0.713327004,0.822524423,10.33845309
Control_2,1.896260949,1.67206989,0,2.688885957,0,0,3.953183822,0,0.733520957,0.817377108,10.21040062
Control_3,2.192361613,1.540413331,0,2.57431299,0,0,4.023180749,0,0.740119244,0.812519676,10.33026868
Azacytidine_1,2.322732005,2.132386587,0,2.798522314,0,0,2.992055349,0,0.708558328,0.826180991,10.24569626
Azacytidine_2,2.555764823,1.934026831,0,2.768916742,0,0,3.039110955,0,0.711988889,0.823277086,10.29781935
Azacytidine_3,2.45741794,2.136094868,0,2.640139745,0,0,3.015639213,0,0.714702273,0.822495274,10.24929177
