Mixture,GMP-like,LSPC-Cycle,LSPC-Primed,LSPC-Quiescent,Mono-like,ProMono-like,cDC-like,P-value,Correlation,RMSE,Absolute score (sig.score)
TRC105_PDX1,2.93213088676282,1.63651854699443,2.10700743271554,0.370640907196119,0,0,2.05272322950167,0,0.484907970579554,0.879117999246898,9.09902100317057
TRC105_PDX2,2.90067921536901,1.50763810788209,1.40142101914459,0.427728138943762,0,0.0225332710508744,2.24885826049535,0,0.502074908880686,0.870822863514627,8.50885801288568
TRC105_PDX3,2.92556662802469,1.34759260247424,1.15833874275552,0.147793542191957,0,0.000485929558850881,2.43252791124986,0,0.496256360506734,0.873036048569559,8.01230535625512
TRC105_PDX4,2.7522546782493,1.22137770742727,1.79997876798193,0.43953011007718,0,0,2.32646927925233,0,0.490677792534277,0.876698261612406,8.53961054298801
IgG_PDX1,2.31374975351902,1.68225259878806,1.2898223587292,0,0.640346379665209,0,3.21964919177425,0,0.485037748590758,0.875772010620714,9.14582028247574
IgG_PDX2,2.25503393167969,1.67976737111028,1.15205626221917,0,0.740721029916193,0,2.39079246263167,0,0.485567414247786,0.874703635749861,8.21837105755701
IgG_PDX3,2.37429156956437,1.66941654660489,0.973845123631905,0.597630981004153,0.256623123835209,0,2.97094887894737,0,0.519568038516771,0.862160556590648,8.8427562235879
IgG_PDX4,2.04122788277579,1.36474374773932,1.03823339681769,0.442091940625932,0.22267817519469,0,2.61440323680086,0,0.500013163983577,0.871371637429349,7.72337837995428
