Mixture,GMP-like,LSPC-Cycle,LSPC-Primed,LSPC-Quiescent,Mono-like,ProMono-like,cDC-like,P-value,Correlation,RMSE,Absolute score (sig.score)
AML_AlCAr1,1.23595392297292,1.55333628561261,7.1024589702179,8.53329780934907,3.04248024278154,0,11.9648460359993,0,0.522176127174532,0.893017021961756,33.4323732669334
AML_AlCAr2,1.23497504826523,1.19821380325671,11.6982623397176,9.92965249161234,2.80106232576818,0,14.2957195425813,0,0.556106770292372,0.894722993573022,41.1578855512014
AML_AlCAr3,1.23970580528149,0.490820048164973,12.3039087229627,9.80133750087264,2.90031281742944,0,15.7047483113277,0,0.545185594686364,0.896582382970989,42.4408332060389
AML_ctrl1,7.73142433504689,3.88371782337423,0,5.70791475917012,3.5879813189686,0,0.872470174963889,0,0.804882669980957,0.745096470771544,21.7835084115237
AML_ctrl2,11.4562979134329,4.51377643045117,0,6.02139869982768,3.65864461794181,0,1.89393697332823,0,0.832581459994511,0.760965276811098,27.5440546349818
AML_ctrl3,15.5563629000242,4.54684392461646,0,5.71080030159329,3.50407775689591,0.0784557804454489,3.58848963074313,0,0.796018414773504,0.793554422114363,32.9850302943184
